mysql> 
mysql> 
mysql> ^C

^C
mysql> ^C

^C
mysql> ^C^C

^C
mysql> exit
Bye
edrain@ubuntu:/$ pwd
/
edrain@ubuntu:/$ cd desktop
-bash: cd: desktop: No such file or directory
edrain@ubuntu:/$ cd Desktop
-bash: cd: Desktop: No such file or directory
edrain@ubuntu:/$ pwd
/
edrain@ubuntu:/$ cd home
edrain@ubuntu:/home$ ls
edrain
edrain@ubuntu:/home$ cd edrain
edrain@ubuntu:~$ ow
^H^H^How: command not found
edrain@ubuntu:~$ pwd
/home/edrain
edrain@ubuntu:~$ ls
Desktop    Downloads        examples.desktop  Pictures  Templates
Documents  dump_result.txt  Music             Public    Videos
edrain@ubuntu:~$ cd Desktop/
edrain@ubuntu:~/Desktop$ git clone https://github.com/shiyanlou/SQL3edrain@ubuntu:~/Desktop$ git clone https://github.com/shiyanlou/SQL3
The program 'git' is currently not installed. You can install it by typing:
sudo apt install git
edrain@ubuntu:~/Desktop$ ll
total 24
drwxr-xr-x  6 edrain edrain 4096 Oct 11 02:25 ./
drwxr-xr-x 18 edrain edrain 4096 Oct 11 01:37 ../
drwxrwxrwx  3 edrain edrain 4096 Jul 20 02:12 crashlog_20170720_171243.log/
drwxrwxrwx  4 edrain edrain 4096 Sep 15 01:10 handytools_for_performance/
drwxrwxrwx  3 edrain edrain 4096 Aug 23 19:35 performance_test/
drwxrwxrwx  3 edrain edrain 4096 Oct 11 02:24 SQL3/
edrain@ubuntu:~/Desktop$ 
edrain@ubuntu:~/Desktop$ 
edrain@ubuntu:~/Desktop$ 
edrain@ubuntu:~/Desktop$ show databases;
The program 'show' can be found in the following packages:
 * mailutils-mh
 * nmh
Try: sudo apt install <selected package>
edrain@ubuntu:~/Desktop$ mysql -u root -p
Enter password: 
Welcome to the MySQL monitor.  Commands end with ; or \g.
Your MySQL connection id is 10
Server version: 5.7.19-0ubuntu0.16.04.1 (Ubuntu)

Copyright (c) 2000, 2017, Oracle and/or its affiliates. All rights reserved.

Oracle is a registered trademark of Oracle Corporation and/or its
affiliates. Other names may be trademarks of their respective
owners.

Type 'help;' or '\h' for help. Type '\c' to clear the current input statement.

mysql> exit
Bye
edrain@ubuntu:~/Desktop$ 
edrain@ubuntu:~/Desktop$ ll
total 24
drwxr-xr-x  6 edrain edrain 4096 Oct 11 02:25 ./
drwxr-xr-x 18 edrain edrain 4096 Oct 11 02:26 ../
drwxrwxrwx  3 edrain edrain 4096 Jul 20 02:12 crashlog_20170720_171243.log/
drwxrwxrwx  4 edrain edrain 4096 Sep 15 01:10 handytools_for_performance/
drwxrwxrwx  3 edrain edrain 4096 Aug 23 19:35 performance_test/
drwxrwxrwx  3 edrain edrain 4096 Oct 11 02:24 SQL3/
edrain@ubuntu:~/Desktop$ cd SQL3/
edrain@ubuntu:~/Desktop/SQL3$ pwd
/home/edrain/Desktop/SQL3
edrain@ubuntu:~/Desktop/SQL3$ mysql -u root -p
Enter password: 
Welcome to the MySQL monitor.  Commands end with ; or \g.
Your MySQL connection id is 11
Server version: 5.7.19-0ubuntu0.16.04.1 (Ubuntu)

Copyright (c) 2000, 2017, Oracle and/or its affiliates. All rights reserved.

Oracle is a registered trademark of Oracle Corporation and/or its
affiliates. Other names may be trademarks of their respective
owners.

Type 'help;' or '\h' for help. Type '\c' to clear the current input statement.

mysql> source /home/edrain/Desktop/SQL3
ERROR: 
Can't initialize batch_readline
mysql> cd ..
    -> ^C

^C
mysql> exit
Bye
edrain@ubuntu:~/Desktop/SQL3$ ll]
No command 'll]' found, did you mean:
 Command 'lli' from package 'llvm-runtime' (universe)
 Command 'llc' from package 'llvm' (universe)
 Command 'llt' from package 'storebackup' (universe)
ll]: command not found
edrain@ubuntu:~/Desktop/SQL3$ ll
total 16
drwxrwxrwx 3 edrain edrain 4096 Oct 11 02:24 ./
drwxr-xr-x 6 edrain edrain 4096 Oct 11 02:25 ../
drwxrwxrwx 8 edrain edrain 4096 Oct 11 02:24 .git/
-rwxrw-rw- 1 edrain edrain  735 Oct 11 02:23 MySQL-03-01.sql*
edrain@ubuntu:~/Desktop/SQL3$ cd My
-bash: cd: My: No such file or directory
edrain@ubuntu:~/Desktop/SQL3$ mysql -u root -p
Enter password: 
Welcome to the MySQL monitor.  Commands end with ; or \g.
Your MySQL connection id is 12
Server version: 5.7.19-0ubuntu0.16.04.1 (Ubuntu)

Copyright (c) 2000, 2017, Oracle and/or its affiliates. All rights reserved.

Oracle is a registered trademark of Oracle Corporation and/or its
affiliates. Other names may be trademarks of their respective
owners.

Type 'help;' or '\h' for help. Type '\c' to clear the current input statement.

mysql> source /home/edrain/Desktop/SQL3/MySQL-03-01.sql;
Query OK, 1 row affected (0.00 sec)

Database changed
Query OK, 0 rows affected (0.04 sec)

Query OK, 0 rows affected (0.03 sec)

Query OK, 0 rows affected (0.01 sec)

mysql> show databases;
+--------------------+
| Database           |
+--------------------+
| information_schema |
| mysql              |
| mysql_edrain       |
| mysql_shiyan       |
| performance_schema |
| sys                |
+--------------------+
6 rows in set (0.00 sec)

mysql> show tables
    -> ;
+------------------------+
| Tables_in_mysql_shiyan |
+------------------------+
| department             |
| employee               |
| project                |
+------------------------+
3 rows in set (0.00 sec)

mysql> source home/edrain/Desktop/SQL3/MySQL-20171011.sql
ERROR: 
Failed to open file 'home/edrain/Desktop/SQL3/MySQL-20171011.sql', error: 2
mysql> mysql> source home/edrain/Desktop/SQL3/MySQL-20171011.sql
ERROR: 
Failed to open file 'home/edrain/Desktop/SQL3/MySQL-20171011.sql', error: 2
mysql> 
mysql> 
mysql> 
mysql> source /home/edrain/Desktop/SQL3/MySQL-20171011.sql
Query OK, 1 row affected (0.00 sec)

Database changed
Query OK, 0 rows affected (0.03 sec)

Query OK, 0 rows affected (0.03 sec)

ERROR 1061 (42000): Duplicate key name 'mar_fk'
mysql> source /home/edrain/Desktop/SQL3/MySQL-20171011.sql
ERROR 1007 (HY000): Can't create database 'gradesystem'; database exists
Database changed
ERROR 1050 (42S01): Table 'student' already exists
ERROR 1050 (42S01): Table 'course' already exists
Query OK, 0 rows affected (0.03 sec)

mysql> show databaes;
ERROR 1064 (42000): You have an error in your SQL syntax; check the manual that corresponds to your MySQL server version for the right syntax to use near 'databaes' at line 1
mysql> show databases;
+--------------------+
| Database           |
+--------------------+
| information_schema |
| gradesystem        |
| mysql              |
| mysql_edrain       |
| mysql_shiyan       |
| performance_schema |
| sys                |
+--------------------+
7 rows in set (0.00 sec)

mysql> show tabales;
ERROR 1064 (42000): You have an error in your SQL syntax; check the manual that corresponds to your MySQL server version for the right syntax to use near 'tabales' at line 1
mysql> show tables;
+-----------------------+
| Tables_in_gradesystem |
+-----------------------+
| course                |
| mark                  |
| student               |
+-----------------------+
3 rows in set (0.00 sec)

mysql> INSERT INTO student Values(01,33,'ed');
Query OK, 1 row affected (0.01 sec)

mysql> INSERT INTO course values(001,'math');
Query OK, 1 row affected (0.00 sec)

mysql> INSERT INTO mark values(1,01,001,88);
Query OK, 1 row affected (0.00 sec)

mysql> show tables;
+-----------------------+
| Tables_in_gradesystem |
+-----------------------+
| course                |
| mark                  |
| student               |
+-----------------------+
3 rows in set (0.00 sec)

mysql> select * from mark
    -> ;
+-----+------+------+-------+
| mid | sid  | cid  | score |
+-----+------+------+-------+
|   1 |    1 |    1 |    88 |
+-----+------+------+-------+
1 row in set (0.00 sec)

mysql> select * from course;
+-----+-------+
| cid | cname |
+-----+-------+
|   1 | math  |
+-----+-------+
1 row in set (0.00 sec)

mysql> select * from student;
+-----+-------+--------+
| sid | sname | gender |
+-----+-------+--------+
|   1 | 33    | ed     |
+-----+-------+--------+
1 row in set (0.00 sec)

